City_ID,City,Country,Date,Lat,Lng,Max Temp,Humidity,Cloudiness,Wind Speed
0,Mar Del Plata,AR,2021-07-22 04:45:00,-38.0023,-57.5575,283.76,57,0,7.15
1,Portland,US,2021-07-22 04:48:39,45.5234,-122.6762,293.47,59,2,1.34
2,Chuy,UY,2021-07-22 04:49:56,-33.6971,-53.4616,281.08,81,99,2.43
3,Miquelon,PM,2021-07-22 04:49:56,47.0975,-56.3814,287.02,94,100,6.15
4,Nikolskoye,RU,2021-07-22 04:49:57,59.7035,30.7861,289.7,57,67,4.17
5,Marawi,PH,2021-07-22 04:49:57,7.9986,124.2928,300.61,54,100,4.02
6,Camacha,PT,2021-07-22 04:49:57,33.0833,-16.3333,291.83,88,40,4.12
7,Sobolevo,RU,2021-07-22 04:49:58,54.4299,31.8996,287.3,67,0,4.28
8,Victoria,HK,2021-07-22 04:48:03,22.2855,114.1577,306.07,74,39,1.79
9,East London,ZA,2021-07-22 04:49:58,-33.0153,27.9116,282.67,53,0,9.26
10,Ushuaia,AR,2021-07-22 04:46:36,-54.8,-68.3,274.96,87,75,0.0
11,Busselton,AU,2021-07-22 04:49:59,-33.65,115.3333,286.51,66,94,3.92
12,Saskylakh,RU,2021-07-22 04:49:59,71.9167,114.0833,293.04,45,100,7.36
13,Praia Da Vitoria,PT,2021-07-22 04:50:00,38.7333,-27.0667,293.29,73,20,6.13
14,Nyurba,RU,2021-07-22 04:50:00,63.2842,118.3319,300.16,41,11,3.39
15,Dhidhdhoo,MV,2021-07-22 04:50:00,6.8833,73.1,301.35,77,100,8.42
16,Esperance,AU,2021-07-22 04:50:01,-33.8667,121.9,286.06,58,49,6.91
17,Punta Arenas,CL,2021-07-22 04:50:01,-53.15,-70.9167,274.21,100,75,2.06
18,Salalah,OM,2021-07-22 04:50:03,17.0151,54.0924,299.68,84,81,6.59
19,Marrakesh,MA,2021-07-22 04:45:08,31.6315,-8.0083,299.19,44,1,2.06
20,Upernavik,GL,2021-07-22 04:50:04,72.7868,-56.1549,278.73,88,100,4.68
21,Leh,IN,2021-07-22 04:50:04,34.1667,77.5833,289.89,48,30,2.48
22,Albany,US,2021-07-22 04:46:24,42.6001,-73.9662,289.6,94,1,1.88
23,Kapaa,US,2021-07-22 04:50:05,22.0752,-159.319,300.33,79,75,1.34
24,Puerto Ayora,EC,2021-07-22 04:50:05,-0.7393,-90.3518,295.12,96,99,3.13
25,Rikitea,PF,2021-07-22 04:50:05,-23.1203,-134.9692,295.66,67,1,6.8
26,Pecanha,BR,2021-07-22 04:50:06,-18.5486,-42.5569,285.16,91,1,0.87
27,Wharton,US,2021-07-22 04:50:06,29.3116,-96.1027,300.1,88,1,0.0
28,Carbonia,IT,2021-07-22 04:50:07,39.1672,8.5222,294.81,51,0,1.56
29,Alekseyevka,RU,2021-07-22 04:50:07,50.6309,38.6903,292.04,77,86,5.54
30,Lipin Bor,RU,2021-07-22 04:50:07,60.2622,37.9763,287.22,54,28,4.33
31,Tiksi,RU,2021-07-22 04:50:08,71.6872,128.8694,278.3,92,100,3.14
32,Northam,GB,2021-07-22 04:50:08,51.0333,-4.2167,293.32,79,100,3.12
33,Ostrovnoy,RU,2021-07-22 04:50:08,68.0531,39.5131,283.19,74,100,3.04
34,Dikson,RU,2021-07-22 04:50:09,73.5069,80.5464,284.15,65,100,7.63
35,Uong Bi,VN,2021-07-22 04:50:09,21.0333,106.7833,302.14,91,100,0.85
36,Taltal,CL,2021-07-22 04:50:10,-25.4,-70.4833,287.8,65,16,2.05
37,Ponta Do Sol,PT,2021-07-22 04:50:10,32.6667,-17.1,293.55,81,0,2.06
38,Inhambane,MZ,2021-07-22 04:50:10,-23.865,35.3833,293.15,93,20,4.02
39,New Norfolk,AU,2021-07-22 04:50:11,-42.7826,147.0587,287.55,55,99,2.24
40,Karakol,KG,2021-07-22 04:50:11,42.4907,78.3936,295.48,40,100,2.96
41,Saint George,US,2021-07-22 04:50:12,37.1041,-113.5841,304.46,46,1,3.13
42,Bonavista,CA,2021-07-22 04:50:12,48.6499,-53.1147,283.21,90,92,4.12
43,Kenai,US,2021-07-22 04:50:12,60.5544,-151.2583,288.18,89,90,4.12
44,Carnarvon,AU,2021-07-22 04:50:13,-24.8667,113.6333,294.19,54,3,4.63
45,Atuona,PF,2021-07-22 04:50:13,-9.8,-139.0333,298.47,68,47,6.81
46,Nemuro,JP,2021-07-22 04:50:14,43.3236,145.575,299.39,91,73,5.09
47,Jamestown,US,2021-07-22 04:48:51,42.097,-79.2353,288.95,87,40,0.45
48,Hobart,AU,2021-07-22 04:50:14,-42.8794,147.3294,287.74,51,75,1.34
49,New Haven,US,2021-07-22 04:48:59,41.4001,-72.9329,294.31,82,1,0.89
50,Grindavik,IS,2021-07-22 04:50:15,63.8424,-22.4338,286.24,100,90,5.14
51,Mahebourg,MU,2021-07-22 04:50:15,-20.4081,57.7,296.07,88,40,5.14
52,Cidreira,BR,2021-07-22 04:50:15,-30.1811,-50.2056,284.58,70,0,1.77
53,Christchurch,NZ,2021-07-22 04:49:54,-43.5333,172.6333,282.54,86,90,1.79
54,Bredasdorp,ZA,2021-07-22 04:50:16,-34.5322,20.0403,279.77,81,73,3.6
55,Cape Town,ZA,2021-07-22 04:46:32,-33.9258,18.4232,280.86,92,75,0.89
56,Katav-Ivanovsk,RU,2021-07-22 04:50:16,54.7531,58.1956,298.66,46,29,2.36
57,Mataura,NZ,2021-07-22 04:50:17,-46.1927,168.8643,281.75,90,45,1.29
58,Port Elizabeth,ZA,2021-07-22 04:50:17,-33.918,25.5701,280.43,93,75,9.26
59,Vakhrushev,RU,2021-07-22 04:50:18,48.9833,142.9667,292.79,83,100,1.93
60,Olafsvik,IS,2021-07-22 04:50:18,64.8945,-23.7142,284.3,96,100,5.53
61,Jumla,NP,2021-07-22 04:50:18,29.2747,82.1838,294.05,81,98,1.48
62,Castro,BR,2021-07-22 04:50:19,-24.7911,-50.0119,281.29,56,0,1.06
63,Port Alfred,ZA,2021-07-22 04:50:19,-33.5906,26.891,281.44,85,90,13.45
64,Baoding,CN,2021-07-22 04:50:19,38.8511,115.4903,295.5,91,100,1.62
65,Phan Thiet,VN,2021-07-22 04:49:35,10.9333,108.1,304.02,61,76,7.1
66,Mineros,BO,2021-07-22 04:50:20,-17.1167,-63.2333,287.92,46,2,0.3
67,Souillac,MU,2021-07-22 04:50:20,-20.5167,57.5167,296.13,88,40,5.14
68,Kolomak,UA,2021-07-22 04:50:21,49.8399,35.3044,292.08,71,66,6.12
69,Isla Vista,US,2021-07-22 04:50:21,34.4133,-119.861,301.55,54,1,2.06
70,Hermanus,ZA,2021-07-22 04:50:21,-34.4187,19.2345,279.76,69,44,4.62
71,Umm Lajj,SA,2021-07-22 04:50:22,25.0213,37.2685,304.29,71,19,8.64
72,Talnakh,RU,2021-07-22 04:50:22,69.4865,88.3972,293.31,42,96,8.62
73,Itamarandiba,BR,2021-07-22 04:50:22,-17.8572,-42.8589,285.06,93,0,0.96
74,Hildburghausen,DE,2021-07-22 04:50:23,50.4255,10.7318,287.62,82,0,1.08
75,La Ronge,CA,2021-07-22 04:50:23,55.1001,-105.2842,294.29,78,90,2.06
76,Basco,PH,2021-07-22 04:50:24,20.4487,121.9702,301.2,87,100,13.64
77,Pucara,PE,2021-07-22 04:50:24,-15.9803,-71.4606,276.43,41,16,1.63
78,Havoysund,NO,2021-07-22 04:50:24,70.9963,24.6622,280.64,85,100,7.59
79,Vanimo,PG,2021-07-22 04:50:25,-2.6741,141.3028,302.22,71,94,2.15
80,Matam,SN,2021-07-22 04:50:25,15.6175,-13.3303,300.7,64,41,8.32
81,Ust-Koksa,RU,2021-07-22 04:50:25,50.2696,85.6108,298.55,45,100,0.23
82,Yamada,JP,2021-07-22 04:50:26,39.4667,141.95,297.28,92,100,2.67
83,Cabo San Lucas,MX,2021-07-22 04:50:02,22.8909,-109.9124,303.99,66,0,0.89
84,Naron,ES,2021-07-22 04:50:26,43.5167,-8.1528,291.26,97,100,1.15
85,Butaritari,KI,2021-07-22 04:50:27,3.0707,172.7902,301.55,74,20,5.49
86,Ribeira Grande,PT,2021-07-22 04:50:27,38.5167,-28.7,293.38,67,42,6.71
87,Port Hardy,CA,2021-07-22 04:50:27,50.6996,-127.4199,286.25,94,90,1.54
88,Takaka,NZ,2021-07-22 04:50:28,-40.85,172.8,287.02,88,100,2.05
89,Tromso,NO,2021-07-22 04:50:28,69.6496,18.957,282.51,93,75,1.34
90,Norman Wells,CA,2021-07-22 04:50:29,65.282,-126.8329,292.17,59,75,5.14
91,Jinji,CN,2021-07-22 04:50:29,23.2281,110.8261,303.94,70,100,3.91
92,Macheng,CN,2021-07-22 04:50:29,31.1783,115.0319,306.71,50,76,2.52
93,Barrow,US,2021-07-22 04:50:30,71.2906,-156.7887,276.16,87,90,8.23
94,Severo-Kurilsk,RU,2021-07-22 04:50:30,50.6789,156.125,284.56,91,76,2.46
95,Byron Bay,AU,2021-07-22 04:50:31,-28.65,153.6167,293.74,64,59,3.01
96,Naryan-Mar,RU,2021-07-22 04:50:31,67.6713,53.087,283.76,68,34,6.67
97,Kyaikkami,MM,2021-07-22 04:50:31,16.08,97.5675,301.05,83,100,9.2
98,Pacific Grove,US,2021-07-22 04:49:02,36.6177,-121.9166,289.69,86,75,0.89
99,Bafia,CM,2021-07-22 04:50:32,4.75,11.2333,293.23,99,100,0.57
100,Vaini,TO,2021-07-22 04:50:32,-21.2,-175.2,298.24,83,20,3.6
101,Luderitz,NA,2021-07-22 04:50:33,-26.6481,15.1594,283.82,38,7,6.45
102,Eyl,SO,2021-07-22 04:50:33,7.9803,49.8164,301.82,55,9,12.64
103,Atagay,RU,2021-07-22 04:50:33,55.1033,99.3875,297.71,47,75,3.1
104,Bathsheba,BB,2021-07-22 04:50:34,13.2167,-59.5167,300.49,83,40,7.72
105,Dese,ET,2021-07-22 04:50:34,11.1333,39.6333,287.47,78,100,2.08
106,Rio Cuarto,AR,2021-07-22 04:50:34,-33.1307,-64.3499,279.17,39,84,5.35
107,Brae,GB,2021-07-22 04:50:35,60.3964,-1.353,285.1,92,3,5.74
108,Kulhudhuffushi,MV,2021-07-22 04:50:36,6.6221,73.07,301.39,76,100,8.33
109,Linjiang,CN,2021-07-22 04:50:37,41.8069,126.9078,306.77,43,100,1.37
110,Hay River,CA,2021-07-22 04:50:37,60.8156,-115.7999,294.14,64,75,3.6
111,Tuktoyaktuk,CA,2021-07-22 04:50:37,69.4541,-133.0374,287.15,100,90,5.14
112,Portobelo,PA,2021-07-22 04:50:38,9.55,-79.65,300.78,89,86,3.72
113,Moose Factory,CA,2021-07-22 04:50:38,51.2585,-80.6094,290.15,82,90,2.06
114,Thompson,CA,2021-07-22 04:50:38,55.7435,-97.8558,292.24,72,90,1.54
115,Kampot,KH,2021-07-22 04:50:39,10.6167,104.1833,303.18,66,98,6.46
116,Avarua,CK,2021-07-22 04:50:39,-21.2078,-159.775,298.18,78,0,1.03
117,Arraial Do Cabo,BR,2021-07-22 04:50:39,-22.9661,-42.0278,292.72,78,99,2.72
118,Georgetown,MY,2021-07-22 04:49:57,5.4112,100.3354,306.11,70,20,3.58
119,Solnechnyy,RU,2021-07-22 04:50:40,50.7214,136.6319,305.56,47,78,2.27
120,Mount Pleasant,US,2021-07-22 04:45:44,32.7941,-79.8626,301.14,93,1,1.79
121,Erzin,TR,2021-07-22 04:50:40,36.9559,36.2,301.44,71,31,1.62
122,Honningsvag,NO,2021-07-22 04:50:41,70.9821,25.9704,279.01,87,75,4.12
123,Teguise,ES,2021-07-22 04:50:41,29.0605,-13.564,292.27,78,0,6.69
124,Comodoro Rivadavia,AR,2021-07-22 04:50:42,-45.8667,-67.5,282.07,66,0,3.09
125,Tam Ky,VN,2021-07-22 04:50:42,15.5667,108.4833,310.14,43,100,5.5
126,Chokurdakh,RU,2021-07-22 04:50:42,70.6333,147.9167,286.11,58,98,3.55
127,Yatou,CN,2021-07-22 04:50:43,37.15,122.3833,303.29,59,92,3.22
128,Baghdad,IQ,2021-07-22 04:50:43,33.3406,44.4009,306.1,27,0,6.69
129,Vila Velha,BR,2021-07-22 04:50:44,-20.3297,-40.2925,290.12,100,75,1.03
130,Nelson Bay,AU,2021-07-22 04:50:44,-32.7167,152.15,290.43,51,23,0.89
131,Mehamn,NO,2021-07-22 04:50:44,71.0357,27.8492,279.25,76,100,6.98
132,Namtsy,RU,2021-07-22 04:50:45,62.7161,129.6658,301.21,39,52,4.62
133,Iqaluit,CA,2021-07-22 04:50:45,63.7506,-68.5145,279.0,86,75,2.24
134,Tuatapere,NZ,2021-07-22 04:50:46,-46.1333,167.6833,281.94,74,65,1.96
135,Port Lincoln,AU,2021-07-22 04:50:46,-34.7333,135.8667,281.99,85,100,2.68
136,Luwuk,ID,2021-07-22 04:50:47,-0.9516,122.7875,299.64,87,100,3.12
137,Flin Flon,CA,2021-07-22 04:50:47,54.7682,-101.865,292.94,84,10,2.99
138,Asuncion,PY,2021-07-22 04:50:47,-25.3007,-57.6359,288.09,67,0,2.06
139,Hithadhoo,MV,2021-07-22 04:50:48,-0.6,73.0833,301.09,73,100,5.63
140,Stephenville,US,2021-07-22 04:50:48,32.2207,-98.2023,297.49,78,1,1.54
141,Poum,NC,2021-07-22 04:50:48,-20.2333,164.0167,295.57,63,1,4.72
142,Lavrentiya,RU,2021-07-22 04:50:49,65.5833,-171.0,276.67,83,100,3.64
143,Peleduy,RU,2021-07-22 04:50:49,59.6289,112.7406,304.38,29,50,1.14
144,Touros,BR,2021-07-22 04:50:49,-5.1989,-35.4608,295.65,88,16,6.11
145,Storsteinnes,NO,2021-07-22 04:50:50,69.2408,19.2344,282.51,92,100,2.76
146,Mantua,IT,2021-07-22 04:50:50,45.1667,10.7833,297.49,80,87,1.79
147,Fortuna,US,2021-07-22 04:50:50,40.5982,-124.1573,287.0,87,90,0.45
148,Kodiak,US,2021-07-22 04:50:51,57.79,-152.4072,285.28,90,100,3.47
149,Farafangana,MG,2021-07-22 04:50:51,-22.8167,47.8333,292.12,84,2,2.57
150,Buala,SB,2021-07-22 04:50:51,-8.145,159.5921,302.06,71,27,2.67
151,Okhotsk,RU,2021-07-22 04:50:52,59.3833,143.3,287.31,89,99,2.2
152,Hounde,BF,2021-07-22 04:50:53,11.5,-3.5167,297.38,74,99,3.91
153,Ugoofaaru,MV,2021-07-22 04:50:53,5.6667,73.0,301.27,77,96,7.64
154,Kapiri Mposhi,ZM,2021-07-22 04:50:54,-13.9652,28.6809,285.58,61,3,2.02
155,Alofi,NU,2021-07-22 04:50:54,-19.0595,-169.9187,298.09,88,54,6.69
156,Benguela,AO,2021-07-22 04:50:55,-12.5763,13.4055,292.73,85,0,0.89
157,Lazaro Cardenas,MX,2021-07-22 04:50:55,17.9583,-102.2,299.97,86,26,0.68
158,Rosetta,EG,2021-07-22 04:50:56,31.4044,30.4164,300.05,72,0,4.81
159,Mahibadhoo,MV,2021-07-22 04:50:56,3.7833,72.9667,301.64,75,100,6.93
160,Khatanga,RU,2021-07-22 04:50:57,71.9667,102.5,285.56,87,100,1.22
161,Muslyumovo,RU,2021-07-22 04:50:57,55.3033,53.1947,298.59,47,85,3.43
162,Beloha,MG,2021-07-22 04:50:58,-25.1667,45.05,294.01,61,19,3.3
163,Kota Kinabalu,MY,2021-07-22 04:50:58,5.9749,116.0724,303.14,66,20,4.12
164,Yellowknife,CA,2021-07-22 04:50:59,62.456,-114.3525,292.75,68,20,1.34
165,Ancud,CL,2021-07-22 04:50:59,-41.8697,-73.8203,282.89,89,100,5.14
166,Belyy Yar,RU,2021-07-22 04:51:00,53.6039,91.3903,297.09,57,0,2.0
167,Sao Joao Da Barra,BR,2021-07-22 04:51:00,-21.6403,-41.0511,290.63,90,86,2.09
168,Los Llanos De Aridane,ES,2021-07-22 04:51:01,28.6585,-17.9182,292.01,86,0,6.17
169,Guerrero Negro,MX,2021-07-22 04:51:01,27.9769,-114.0611,294.1,84,54,5.09
170,Saucillo,MX,2021-07-22 04:51:02,28.0167,-105.2833,299.42,45,32,7.03
171,Cacu,BR,2021-07-22 04:51:03,-18.5567,-51.1308,289.54,27,1,1.72
172,Shirokiy,RU,2021-07-22 04:51:03,49.758,129.523,304.17,62,28,1.46
173,Priargunsk,RU,2021-07-22 04:51:03,50.3691,119.1012,302.71,64,4,6.36
174,Pevek,RU,2021-07-22 04:51:04,69.7008,170.3133,279.89,66,8,3.53
175,Kavieng,PG,2021-07-22 04:51:04,-2.5744,150.7967,301.42,75,93,3.4
176,Morondava,MG,2021-07-22 04:51:04,-20.2833,44.2833,294.71,74,0,3.13
177,Antalaha,MG,2021-07-22 04:51:05,-14.9003,50.2788,294.46,80,76,3.5
178,Kloulklubed,PW,2021-07-22 04:51:05,7.0419,134.2556,302.28,74,94,5.98
179,Aswan,EG,2021-07-22 04:51:05,24.0934,32.907,305.76,19,0,5.66
180,Okha,RU,2021-07-22 04:51:06,53.5739,142.9478,297.93,69,100,4.89
181,Sao Filipe,CV,2021-07-22 04:51:06,14.8961,-24.4956,297.49,87,35,2.91
182,Husavik,IS,2021-07-22 04:51:06,66.0449,-17.3389,287.1,84,0,1.67
183,Xai-Xai,MZ,2021-07-22 04:51:07,-25.0519,33.6442,291.63,84,3,3.34
184,Longyearbyen,SJ,2021-07-22 04:51:07,78.2186,15.6401,280.06,65,0,1.54
185,Simao,CN,2021-07-22 04:51:08,22.7886,100.9748,295.47,93,95,1.2
186,Careiro Da Varzea,BR,2021-07-22 04:51:08,-3.2003,-59.8119,299.49,80,35,1.47
187,Yar-Sale,RU,2021-07-22 04:51:08,66.8333,70.8333,290.41,65,18,6.97
188,Fairbanks,US,2021-07-22 04:48:39,64.8378,-147.7164,300.13,47,40,4.12
189,Mnogovershinnyy,RU,2021-07-22 04:51:09,53.9353,139.9242,301.43,48,85,5.04
190,Meulaboh,ID,2021-07-22 04:51:09,4.1363,96.1285,302.94,62,93,1.01
191,San Patricio,US,2021-07-22 04:51:10,28.017,-97.5169,300.83,77,49,3.15
192,Hilo,US,2021-07-22 04:50:32,19.7297,-155.09,299.0,78,75,3.6
193,Kaitangata,NZ,2021-07-22 04:51:10,-46.2817,169.8464,282.55,74,55,2.34
194,Port Blair,IN,2021-07-22 04:51:10,11.6667,92.75,301.67,83,100,9.94
195,Sitka,US,2021-07-22 04:51:11,57.0531,-135.33,287.09,72,75,2.06
196,Port Said,EG,2021-07-22 04:51:11,31.2565,32.2841,300.14,74,40,2.06
197,San Ramon,US,2021-07-22 04:48:59,37.7799,-121.978,291.94,79,1,2.68
198,Mormugao,IN,2021-07-22 04:51:12,15.4,73.8,298.52,84,100,7.14
199,Acapulco,MX,2021-07-22 04:51:12,16.8634,-99.8901,299.87,85,77,3.52
200,Jalu,LY,2021-07-22 04:51:12,29.0331,21.5482,299.26,58,3,4.1
201,Constitucion,CL,2021-07-22 04:46:51,-35.3333,-72.4167,284.61,88,100,0.67
202,Bengkulu,ID,2021-07-22 04:50:28,-3.8004,102.2655,302.12,63,61,2.52
203,Dingle,PH,2021-07-22 04:51:13,10.9995,122.6711,303.33,68,79,9.14
204,Auki,SB,2021-07-22 04:51:14,-8.7676,160.7034,301.88,69,55,2.1
205,Bethel,US,2021-07-22 04:51:14,41.3712,-73.414,293.98,86,0,3.45
206,Bluff,NZ,2021-07-22 04:51:14,-46.6,168.3333,281.93,61,46,4.62
207,Cabedelo,BR,2021-07-22 04:51:15,-6.9811,-34.8339,295.52,82,26,5.89
208,Beringovskiy,RU,2021-07-22 04:51:15,63.05,179.3167,285.81,69,34,3.71
209,Yanam,IN,2021-07-22 04:51:15,16.7333,82.2167,299.37,93,100,5.51
210,Venado Tuerto,AR,2021-07-22 04:51:16,-33.7456,-61.9688,283.09,53,51,4.62
211,Isangel,VU,2021-07-22 04:51:16,-19.55,169.2667,297.73,83,70,1.59
212,Eravur,LK,2021-07-22 04:51:16,7.7733,81.6095,305.59,49,100,9.16
213,Coari,BR,2021-07-22 04:51:17,-4.085,-63.1414,297.73,74,75,0.46
214,Panzhihua,CN,2021-07-22 04:51:17,26.5851,101.7128,302.93,57,89,0.45
215,Road Town,VG,2021-07-22 04:47:52,18.4167,-64.6167,301.2,80,1,9.59
216,Bubaque,GW,2021-07-22 04:51:18,11.2833,-15.8333,300.08,82,99,5.88
217,Cayenne,GF,2021-07-22 04:51:18,4.9333,-52.3333,300.98,83,0,0.0
218,Qaanaaq,GL,2021-07-22 04:51:18,77.484,-69.3632,277.5,92,100,4.67
219,Aktau,KZ,2021-07-22 04:51:19,43.65,51.2,306.47,34,0,1.45
220,Pisco,PE,2021-07-22 04:51:19,-13.7,-76.2167,290.18,82,90,2.06
221,Causapscal,CA,2021-07-22 04:51:19,48.3542,-67.227,287.01,99,100,0.44
222,Iisalmi,FI,2021-07-22 04:51:20,63.5592,27.1907,287.16,86,100,3.78
223,Henties Bay,NA,2021-07-22 04:51:20,-22.116,14.2845,285.35,78,0,1.92
224,Kahului,US,2021-07-22 04:51:20,20.8947,-156.47,300.16,76,40,7.2
225,Maltahohe,NA,2021-07-22 04:51:21,-24.8333,16.9833,274.88,37,0,2.63
226,Hofn,IS,2021-07-22 04:51:21,64.2539,-15.2082,284.75,84,11,2.71
227,Fereydun Kenar,IR,2021-07-22 04:51:22,36.6864,52.5225,302.32,71,65,4.3
228,Kruisfontein,ZA,2021-07-22 04:51:22,-34.0033,24.7314,279.2,79,97,12.67
229,Sartell,US,2021-07-22 04:51:22,45.6216,-94.2069,297.12,85,1,2.57
230,Verkhnyaya Inta,RU,2021-07-22 04:51:23,65.9811,60.3094,280.89,78,84,7.11
231,Moose Jaw,CA,2021-07-22 04:50:32,50.4001,-105.5344,296.29,83,13,3.6
232,Namibe,AO,2021-07-22 04:51:23,-15.1961,12.1522,291.62,71,0,1.27
233,Te Anau,NZ,2021-07-22 04:51:23,-45.4167,167.7167,279.49,88,44,1.31
234,Rovaniemi,FI,2021-07-22 04:51:24,66.5,25.7167,284.82,87,0,2.57
235,Roald,NO,2021-07-22 04:51:24,62.5833,6.1333,287.23,82,75,5.66
236,Salinas,US,2021-07-22 04:50:26,36.6777,-121.6555,290.6,78,1,5.66
237,Xunchang,CN,2021-07-22 04:51:25,28.4543,104.715,304.32,66,71,1.23
238,Weligama,LK,2021-07-22 04:51:25,5.9667,80.4167,300.34,85,100,6.64
239,Cherskiy,RU,2021-07-22 04:51:26,68.75,161.3,291.14,51,86,2.0
240,San Rafael,AR,2021-07-22 04:47:06,-34.6177,-68.3301,284.63,30,100,1.17
241,Laguna,US,2021-07-22 04:51:27,38.421,-121.4238,303.43,43,1,3.09
242,Vardo,NO,2021-07-22 04:51:27,70.3705,31.1107,280.26,80,100,6.95
243,Narsaq,GL,2021-07-22 04:51:27,60.9167,-46.05,278.92,94,54,1.97
244,Agadir,MA,2021-07-22 04:51:28,30.4202,-9.5982,292.4,68,4,2.1
245,Qeshm,IR,2021-07-22 04:51:28,26.9581,56.2719,309.08,75,0,3.39
246,Adrar,MR,2021-07-22 04:51:29,20.5022,-10.0711,300.27,16,61,4.82
247,Santa Rosa Del Sur,CO,2021-07-22 04:51:29,7.9644,-74.0544,295.07,86,59,1.14
248,Lebu,CL,2021-07-22 04:51:29,-37.6167,-73.65,283.21,91,100,1.76
249,Datong,CN,2021-07-22 04:51:30,40.0936,113.2914,298.66,57,98,4.94
250,Central Point,US,2021-07-22 04:51:30,42.376,-122.9164,296.22,35,1,4.12
251,Yarmouth,US,2021-07-22 04:51:30,41.7057,-70.2286,295.23,84,40,7.6
252,Vasilyevskiy Mokh,RU,2021-07-22 04:51:31,57.0132,35.919,286.97,49,1,4.25
253,Nipawin,CA,2021-07-22 04:51:31,53.3668,-104.0009,293.17,100,1,1.54
254,Salinopolis,BR,2021-07-22 04:51:31,-0.6136,-47.3561,298.37,87,16,3.86
255,Boa Vista,BR,2021-07-22 04:51:32,2.8197,-60.6733,299.14,83,90,1.54
256,Spring Valley,US,2021-07-22 04:51:32,36.108,-115.245,308.62,31,75,1.54
257,Katherine,AU,2021-07-22 04:51:32,-14.4667,132.2667,306.33,11,88,2.57
258,Vadso,NO,2021-07-22 04:51:33,70.0744,29.7487,281.64,87,75,7.2
259,Quatre Cocos,MU,2021-07-22 04:51:33,-20.2078,57.7625,295.98,62,78,7.35
260,Porto Tolle,IT,2021-07-22 04:51:33,44.9497,12.3245,298.16,67,92,3.33
261,Saldanha,ZA,2021-07-22 04:51:34,-33.0117,17.9442,277.18,64,61,5.67
262,Qostanay,KZ,2021-07-22 04:47:03,53.1667,63.5833,300.31,54,0,1.0
263,Guanare,VE,2021-07-22 04:51:34,9.0418,-69.7421,297.16,100,76,2.06
264,Yeysk,RU,2021-07-22 04:51:35,46.6989,38.2792,297.63,76,11,3.81
265,Atbasar,KZ,2021-07-22 04:51:35,51.8,68.3333,299.48,36,1,3.0
266,Batemans Bay,AU,2021-07-22 04:51:35,-35.7167,150.1833,288.81,45,38,4.13
267,Tura,IN,2021-07-22 04:51:36,25.5198,90.2201,304.27,68,87,0.3
268,Faanui,PF,2021-07-22 04:51:36,-16.4833,-151.75,299.23,77,14,7.34
269,Mirnyy,RU,2021-07-22 04:51:36,62.5353,113.9611,298.21,34,48,2.35
270,Saint-Philippe,RE,2021-07-22 04:51:37,-21.3585,55.7679,294.92,73,47,5.94
271,Codrington,AU,2021-07-22 04:51:37,-38.2667,141.9667,283.61,68,100,7.01
272,Saint-Pierre,RE,2021-07-22 04:51:37,-21.3393,55.4781,294.97,58,0,1.54
273,Vila Franca Do Campo,PT,2021-07-22 04:51:38,37.7167,-25.4333,292.38,82,86,2.91
274,Leningradskiy,RU,2021-07-22 04:51:38,69.3833,178.4167,277.32,74,100,2.19
275,Port Hedland,AU,2021-07-22 04:51:38,-20.3167,118.5667,305.18,33,9,3.09
276,Odienne,CI,2021-07-22 04:51:39,9.51,-7.5692,293.99,96,17,1.19
277,Clifton,US,2021-07-22 04:51:39,40.8584,-74.1638,295.83,73,0,0.45
278,Isiro,CD,2021-07-22 04:51:39,2.7739,27.616,291.86,96,100,1.1
279,Bafra,TR,2021-07-22 04:51:40,41.5678,35.9069,300.27,72,65,4.84
280,Berlevag,NO,2021-07-22 04:51:40,70.8578,29.0864,280.13,76,100,7.86
281,Turukhansk,RU,2021-07-22 04:51:40,65.8167,87.9833,295.45,46,100,7.98
282,Lilongwe,MW,2021-07-22 04:51:41,-13.9669,33.7873,284.26,93,0,2.06
283,Aginskoye,RU,2021-07-22 04:51:41,51.1,114.53,296.21,86,100,1.21
284,Santa Maria,BR,2021-07-22 04:51:41,-29.6842,-53.8069,281.51,75,0,2.07
285,Pringsewu,ID,2021-07-22 04:51:42,-5.3582,104.9744,306.28,50,79,1.51
286,North Branch,US,2021-07-22 04:51:42,45.5113,-92.9802,297.19,87,65,4.83
287,Vestmannaeyjar,IS,2021-07-22 04:51:42,63.4427,-20.2734,284.74,93,100,2.66
288,Yuanping,CN,2021-07-22 04:51:43,38.7153,112.7575,296.54,75,100,2.65
289,Rabo De Peixe,PT,2021-07-22 04:51:43,37.8,-25.5833,291.88,77,20,3.6
290,Ilulissat,GL,2021-07-22 04:51:44,69.2167,-51.1,275.94,89,93,1.65
291,Lopandino,RU,2021-07-22 04:51:44,52.4666,34.8163,287.97,82,5,6.06
292,Mayor Pablo Lagerenza,PY,2021-07-22 04:51:45,-19.9309,-60.7718,289.32,32,62,1.51
293,Portage,US,2021-07-22 04:51:45,41.1667,-81.1998,291.11,80,1,1.54
294,Qaqortoq,GL,2021-07-22 04:51:45,60.7167,-46.0333,278.8,97,66,1.06
295,Vavuniya,LK,2021-07-22 04:51:46,8.7514,80.4971,306.05,43,86,5.56
296,Bandarbeyla,SO,2021-07-22 04:51:46,9.4942,50.8122,302.34,56,16,12.8
297,Saurimo,AO,2021-07-22 04:51:46,-9.6608,20.3916,286.78,36,1,3.25
298,Mount Gambier,AU,2021-07-22 04:51:47,-37.8333,140.7667,282.1,66,90,9.26
299,Vanavara,RU,2021-07-22 04:51:47,60.34,102.2797,293.63,55,98,1.89
300,Hualmay,PE,2021-07-22 04:51:47,-11.0964,-77.6139,290.16,85,16,4.17
301,Daru,PG,2021-07-22 04:51:48,-9.0763,143.2092,299.91,73,89,6.75
302,Amahai,ID,2021-07-22 04:51:48,-3.3333,128.9167,297.29,94,100,1.24
303,Bhayavadar,IN,2021-07-22 04:51:49,21.85,70.25,302.02,76,100,7.94
304,Goderich,CA,2021-07-22 04:51:49,43.7501,-81.7165,290.88,87,61,1.03
305,Nome,US,2021-07-22 04:51:49,64.5011,-165.4064,282.19,71,90,7.72
306,Kangaatsiaq,GL,2021-07-22 04:51:50,68.3065,-53.4641,277.99,89,100,2.53
307,Virden,US,2021-07-22 04:51:50,39.5009,-89.7679,297.05,92,69,2.44
308,Bambous Virieux,MU,2021-07-22 04:51:50,-20.3428,57.7575,296.05,88,40,5.14
309,Jagdalpur,IN,2021-07-22 04:51:51,19.0667,82.0333,297.16,89,100,2.12
310,Sohag,EG,2021-07-22 04:51:51,26.557,31.6948,305.31,32,2,6.39
311,Namatanai,PG,2021-07-22 04:51:51,-3.6667,152.4333,300.6,79,65,2.55
312,Tefe,BR,2021-07-22 04:51:08,-3.3542,-64.7114,298.39,73,100,0.33
313,Leisure City,US,2021-07-22 04:51:52,25.4954,-80.4292,302.16,84,1,0.0
314,Lewiston,US,2021-07-22 04:49:24,44.1003,-70.2148,291.75,87,90,5.66
315,Chapais,CA,2021-07-22 04:47:46,49.7834,-74.8492,288.03,65,95,1.52
316,Nantucket,US,2021-07-22 04:49:26,41.2835,-70.0995,295.23,94,72,6.06
317,Katsuura,JP,2021-07-22 04:51:53,35.1333,140.3,306.21,70,17,3.81
318,Wadi Musa,JO,2021-07-22 04:51:53,30.3222,35.4793,293.97,37,1,2.48
319,Nieuw Amsterdam,SR,2021-07-22 04:51:54,5.8833,-55.0833,298.24,92,61,3.09
320,Ust-Kuyga,RU,2021-07-22 04:51:54,70.0167,135.6,290.47,54,61,4.35
321,Kidal,ML,2021-07-22 04:51:54,18.4411,1.4078,301.36,55,79,3.7
322,Asau,RO,2021-07-22 04:51:55,46.4333,26.4,290.66,82,45,2.1
323,Zastron,ZA,2021-07-22 04:51:55,-30.3023,27.084,271.02,88,73,5.52
324,Tres Arroyos,AR,2021-07-22 04:51:55,-38.3739,-60.2798,282.83,63,100,5.78
325,Jasper,US,2021-07-22 04:47:51,37.2001,-94.3502,296.79,84,1,1.54
326,Juruti,BR,2021-07-22 04:51:56,-2.1522,-56.0922,297.02,84,13,1.23
327,Tasiilaq,GL,2021-07-22 04:51:56,65.6145,-37.6368,278.12,98,100,4.13
328,Bilma,NE,2021-07-22 04:51:57,18.6853,12.9164,303.98,40,45,4.03
329,Eydhafushi,MV,2021-07-22 04:51:57,5.1033,73.0708,301.73,73,97,7.2
330,Gastello,RU,2021-07-22 04:51:57,49.1167,142.9667,293.9,81,100,2.5
331,Nouadhibou,MR,2021-07-22 04:49:02,20.931,-17.0347,293.14,88,40,8.75
332,Lahij,YE,2021-07-22 04:51:58,13.1667,44.5833,303.23,46,13,2.93
333,Asahikawa,JP,2021-07-22 04:51:58,43.7678,142.3703,305.71,33,20,2.57
334,Tuburan,PH,2021-07-22 04:51:58,6.6439,122.2736,304.2,68,100,5.06
335,Along,IN,2021-07-22 04:51:59,28.1667,94.7667,306.63,55,73,1.23
336,Arman,RU,2021-07-22 04:51:59,59.7,150.1667,285.0,96,100,3.05
337,Lorengau,PG,2021-07-22 04:52:00,-2.0226,147.2712,302.29,71,100,3.24
338,Kungsbacka,SE,2021-07-22 04:52:00,57.4872,12.0761,291.07,75,8,2.89
339,Cocobeach,GA,2021-07-22 04:52:00,1.0002,9.5823,297.11,86,97,4.51
340,Palmer,US,2021-07-22 04:50:16,42.1584,-72.3287,291.9,79,1,1.54
341,Balikpapan,ID,2021-07-22 04:52:01,-1.2675,116.8289,301.7,79,20,2.57
342,Airai,TL,2021-07-22 04:52:01,-8.9266,125.4092,297.14,34,90,1.83
343,Praxedis Guerrero,MX,2021-07-22 04:52:02,31.3667,-106.0167,302.49,26,0,6.76
344,Tokur,RU,2021-07-22 04:52:02,53.1333,132.9,297.47,70,100,3.12
345,Mittagong,AU,2021-07-22 04:52:02,-34.45,150.45,287.04,34,39,2.02
346,Lucapa,AO,2021-07-22 04:52:03,-8.4192,20.7447,288.89,33,1,2.45
347,Kenora,CA,2021-07-22 04:52:03,49.8167,-94.4337,290.69,82,90,3.6
348,Filadelfia,US,2021-07-22 04:52:03,39.9523,-75.1638,294.29,80,1,0.45
349,Tilichiki,RU,2021-07-22 04:52:04,60.4667,166.1,291.9,54,85,5.28
350,Marabba,SD,2021-07-22 04:52:04,12.35,32.1833,297.19,83,100,6.48
351,San Jose,US,2021-07-22 04:48:54,37.3394,-121.895,292.2,70,1,1.79
352,Thurso,GB,2021-07-22 04:52:05,58.5927,-3.5259,286.12,95,14,1.75
353,Jiazi,CN,2021-07-22 04:52:05,22.8779,116.067,304.28,65,100,4.5
354,Egvekinot,RU,2021-07-22 04:52:05,66.3167,-179.1667,279.95,73,97,4.9
355,Porto Walter,BR,2021-07-22 04:52:06,-8.2686,-72.7439,292.34,73,0,0.62
356,Tandlianwala,PK,2021-07-22 04:52:06,31.0333,73.1333,306.88,51,97,2.47
357,Cururupu,BR,2021-07-22 04:52:06,-1.8283,-44.8683,295.86,98,12,0.82
358,Yenagoa,NG,2021-07-22 04:52:07,4.9247,6.2642,296.62,89,100,0.96
359,Santa Rosa,PH,2021-07-22 04:52:07,14.3122,121.1114,301.43,92,100,8.13
360,South River,US,2021-07-22 04:52:07,40.4465,-74.386,296.01,76,1,3.26
361,Provideniya,RU,2021-07-22 04:52:08,64.3833,-173.3,284.21,66,75,5.0
362,Klarup,DK,2021-07-22 04:52:08,57.0119,10.0562,288.09,94,90,2.06
363,Flinders,AU,2021-07-22 04:52:09,-34.5833,150.8552,291.03,51,30,1.34
364,Nova Odesa,UA,2021-07-22 04:52:09,47.3078,31.7851,293.37,77,100,6.98
365,Necochea,AR,2021-07-22 04:52:09,-38.5473,-58.7368,281.25,75,100,4.95
366,Antsohihy,MG,2021-07-22 04:52:10,-14.8796,47.9875,298.05,50,0,5.26
367,Tanete,ID,2021-07-22 04:52:10,-3.9443,119.7848,296.52,96,100,1.33
368,Barhi,IN,2021-07-22 04:52:11,23.9,80.8,302.18,70,100,3.0
369,Kubachi,RU,2021-07-22 04:52:11,42.086,47.6034,296.84,43,67,1.2
370,Mezhdurechensk,RU,2021-07-22 04:52:11,53.6942,88.0603,300.6,49,1,1.36
371,Lakatoro,VU,2021-07-22 04:52:12,-16.0999,167.4164,300.1,75,33,2.28
372,Rio Gallegos,AR,2021-07-22 04:52:12,-51.6226,-69.2181,276.18,75,0,1.54
373,Geraldton,AU,2021-07-22 04:52:13,-28.7667,114.6,292.66,72,90,3.6
374,Port-Gentil,GA,2021-07-22 04:52:13,-0.7193,8.7815,296.42,78,85,5.41
375,Paamiut,GL,2021-07-22 04:52:14,61.994,-49.6678,278.63,85,18,1.4
376,Kushima,JP,2021-07-22 04:52:14,31.4583,131.2333,302.88,81,100,6.03
377,Dzaoudzi,YT,2021-07-22 04:52:15,-12.7887,45.2699,298.09,78,75,5.66
378,Dali,CN,2021-07-22 04:52:15,25.7,100.1833,297.18,66,95,1.32
379,Ati,TD,2021-07-22 04:52:16,13.2154,18.3353,297.07,84,100,8.77
380,Birin,NP,2021-07-22 04:52:16,26.8865,88.0718,293.24,86,100,1.69
381,Imbituba,BR,2021-07-22 04:52:16,-28.24,-48.6703,285.83,82,0,1.58
382,Halifax,CA,2021-07-22 04:49:04,44.6453,-63.5724,292.27,93,23,1.34
383,Aguimes,ES,2021-07-22 04:52:17,27.9054,-15.4461,292.5,68,20,13.38
384,Alta Floresta,BR,2021-07-22 04:52:17,-9.8756,-56.0861,293.0,46,0,1.69
385,Wake Forest,US,2021-07-22 04:51:14,35.9799,-78.5097,298.1,87,40,0.45
386,Khakurinokhabl,RU,2021-07-22 04:52:18,45.0201,40.2291,300.68,61,2,5.93
387,Harper,LR,2021-07-22 04:52:18,4.375,-7.7169,297.92,82,63,3.31
388,Kedrovyy,RU,2021-07-22 04:52:18,56.1667,91.8167,297.38,37,29,1.54
389,Gambiran,ID,2021-07-22 04:52:19,-6.7988,111.4951,304.39,51,91,3.36
390,Biltine,TD,2021-07-22 04:52:19,14.5333,20.9167,296.0,77,100,2.01
391,Scarborough,GB,2021-07-22 04:52:19,54.2797,-0.4044,289.21,88,4,1.77
392,Hobyo,SO,2021-07-22 04:52:20,5.3505,48.5268,299.94,69,67,10.47
393,Luena,AO,2021-07-22 04:52:20,-11.7833,19.9167,281.21,46,0,2.42
394,Ulaanbaatar,MN,2021-07-22 04:49:43,47.9077,106.8832,294.22,52,40,6.0
395,Lufilufi,WS,2021-07-22 04:52:21,-13.8745,-171.5986,302.03,78,19,8.95
396,Hailar,CN,2021-07-22 04:52:21,49.2,119.7,304.76,49,3,5.22
397,Kameno,BG,2021-07-22 04:52:21,42.5667,27.3,291.31,77,40,3.09
398,Jacksonville,US,2021-07-22 04:51:56,30.3322,-81.6556,299.27,89,1,1.54
399,Shihezi,CN,2021-07-22 04:52:22,44.3,86.0333,309.98,14,100,4.41
400,Kavaratti,IN,2021-07-22 04:52:22,10.5669,72.642,301.24,81,100,10.57
401,Grafton,US,2021-07-22 04:52:22,42.207,-71.6856,291.99,86,1,0.45
402,Price,US,2021-07-22 04:52:23,39.5994,-110.8107,297.74,38,1,2.06
403,College,US,2021-07-22 04:52:23,64.8569,-147.8028,299.14,49,40,4.12
404,Taoudenni,ML,2021-07-22 04:52:23,22.6783,-3.9836,308.75,23,58,3.87
405,Abu Kamal,SY,2021-07-22 04:52:24,34.4506,40.9171,302.66,35,0,6.99
406,Abaza,RU,2021-07-22 04:52:24,52.655,90.0928,297.88,57,49,2.52
407,Karatau,KZ,2021-07-22 04:52:25,43.1667,70.4667,303.51,21,0,1.67
408,Bijie,CN,2021-07-22 04:52:25,27.3125,105.2942,297.97,70,67,1.73
409,Rocha,UY,2021-07-22 04:52:25,-34.4833,-54.3333,280.3,85,100,2.86
410,Hervey Bay,AU,2021-07-22 04:49:28,-25.2986,152.8535,293.21,54,3,0.45
411,Maragogi,BR,2021-07-22 04:52:26,-9.0122,-35.2225,296.37,83,22,4.98
412,Nosy Varika,MG,2021-07-22 04:52:26,-20.5833,48.5333,292.66,80,75,1.79
413,Anito,PH,2021-07-22 04:52:27,12.4497,125.2886,305.11,59,81,7.05
414,Brainerd,US,2021-07-22 04:51:26,46.358,-94.2008,296.29,78,20,3.6
415,Dunedin,NZ,2021-07-22 04:52:27,-45.8742,170.5036,281.93,75,88,3.13
416,Clyde River,CA,2021-07-22 04:52:27,70.4692,-68.5914,276.28,100,90,1.03
417,North Platte,US,2021-07-22 04:52:28,41.1239,-100.7654,298.7,61,1,4.92
418,Sassandra,CI,2021-07-22 04:52:28,4.95,-6.0833,295.98,92,47,1.81
419,Dongsheng,CN,2021-07-22 04:52:29,39.8161,109.9776,300.03,45,40,6.26
420,Sunnyside,US,2021-07-22 04:52:29,46.3237,-120.0087,295.18,46,0,3.52
421,Gravdal,NO,2021-07-22 04:52:29,68.1214,13.5031,282.09,100,90,4.12
422,Karlshamn,SE,2021-07-22 04:52:30,56.1706,14.8619,289.77,79,6,1.06
423,Naze,JP,2021-07-22 04:52:30,28.3667,129.4833,299.66,90,100,12.13
424,Bonthe,SL,2021-07-22 04:52:30,7.5264,-12.505,298.45,80,100,2.59
425,Grand Gaube,MU,2021-07-22 04:52:31,-20.0064,57.6608,296.14,60,85,4.47
426,Torbay,CA,2021-07-22 04:52:31,47.6666,-52.7314,283.47,99,90,4.12
427,Kudahuvadhoo,MV,2021-07-22 04:52:31,2.6708,72.8944,301.24,74,100,5.53
428,Icod De Los Vinos,ES,2021-07-22 04:52:32,28.3724,-16.7119,293.13,84,3,4.24
429,Notre-Dame-Du-Lac,CA,2021-07-22 04:52:32,47.6136,-68.7964,286.34,98,95,0.41
430,Gizo,SB,2021-07-22 04:52:32,-8.103,156.8419,301.2,77,19,3.2
431,Kulunda,RU,2021-07-22 04:52:33,52.566,78.9385,298.72,41,0,4.86
432,Ewa Beach,US,2021-07-22 04:52:33,21.3156,-158.0072,300.12,69,75,6.71
433,Luganville,VU,2021-07-22 04:52:34,-15.5333,167.1667,300.8,72,36,2.77
434,Chiredzi,ZW,2021-07-22 04:52:34,-21.05,31.6667,286.14,44,0,2.37
435,Sidney,AU,2021-07-22 04:52:03,-33.8679,151.2073,291.34,47,0,1.34
436,Luanda,AO,2021-07-22 04:48:47,-8.8368,13.2343,293.15,88,75,1.54
437,Svobodnyy,RU,2021-07-22 04:52:35,51.4,128.1333,306.06,55,84,3.75
438,Nanortalik,GL,2021-07-22 04:52:35,60.1432,-45.2371,278.95,97,91,5.64
439,Panguna,PG,2021-07-22 04:52:36,-6.3164,155.4848,296.29,92,87,1.06
440,Lagoa,PT,2021-07-22 04:52:36,39.05,-27.9833,292.42,77,89,7.58
441,Qianan,CN,2021-07-22 04:52:36,44.9932,124.0581,305.56,47,23,5.49
442,Karasjok,NO,2021-07-22 04:52:37,69.4719,25.5112,280.21,92,100,5.46
443,Susangerd,IR,2021-07-22 04:52:37,31.5608,48.1831,310.16,28,3,3.56
444,Buraydah,SA,2021-07-22 04:52:37,26.326,43.975,306.4,14,5,6.07
445,Tosya,TR,2021-07-22 04:52:38,41.0155,34.0401,293.84,67,6,1.39
446,San Cristobal,VE,2021-07-22 04:52:38,7.7669,-72.225,291.14,98,96,1.97
447,Lasa,IT,2021-07-22 04:52:38,46.6166,10.7002,292.61,88,78,0.54
448,Cap Malheureux,MU,2021-07-22 04:52:39,-19.9842,57.6142,296.19,60,81,4.47
449,Chernyshevskiy,RU,2021-07-22 04:52:39,63.0128,112.4714,295.39,42,52,2.25
450,Caravelas,BR,2021-07-22 04:52:40,-17.7125,-39.2481,293.1,80,3,1.5
451,Thinadhoo,MV,2021-07-22 04:52:40,0.5333,72.9333,300.77,75,100,4.66
452,Ternate,ID,2021-07-22 04:52:40,0.8,127.4,301.13,78,44,5.1
453,Voh,NC,2021-07-22 04:52:10,-20.9667,164.7,296.59,53,6,3.38
454,Najran,SA,2021-07-22 04:52:41,17.4924,44.1277,297.51,52,11,5.77
455,Takoradi,GH,2021-07-22 04:52:41,4.8845,-1.7554,297.09,84,58,2.93
456,Les Cayes,HT,2021-07-22 04:52:41,18.2,-73.75,298.7,85,55,1.1
457,Pemberton,CA,2021-07-22 04:52:42,50.3164,-122.8027,290.07,77,31,2.35
458,Ambilobe,MG,2021-07-22 04:52:42,-13.2,49.05,297.5,56,0,3.65
459,Iskateley,RU,2021-07-22 04:52:43,67.6803,53.1512,283.7,68,34,6.62
460,Nortelandia,BR,2021-07-22 04:52:43,-14.4547,-56.8028,291.97,37,0,0.28
461,Rio Grande,BR,2021-07-22 04:52:43,-32.035,-52.0986,283.2,69,25,1.91
462,Rawson,AR,2021-07-22 04:52:44,-43.3002,-65.1023,284.45,57,100,4.64
463,Mount Isa,AU,2021-07-22 04:52:44,-20.7333,139.5,301.02,16,6,4.63
464,Gold Coast,AU,2021-07-22 04:52:45,-28.0,153.4333,294.35,58,0,1.34
465,Rabak,SD,2021-07-22 04:52:45,13.1809,32.74,297.07,84,100,6.18
466,Melioratorov,RU,2021-07-22 04:52:45,57.2107,65.6077,293.36,94,90,1.0
467,Yuyao,CN,2021-07-22 04:52:46,30.05,121.1494,303.03,79,53,6.49
468,Oktyabrskoye,RU,2021-07-22 04:52:46,43.0645,44.7417,298.23,65,34,4.0
469,Richards Bay,ZA,2021-07-22 04:52:46,-28.783,32.0377,286.01,88,0,1.85
470,Lompoc,US,2021-07-22 04:52:47,34.6391,-120.4579,293.76,85,75,4.12
471,Anadyr,RU,2021-07-22 04:52:47,64.75,177.4833,287.43,67,20,5.0
472,Sao Felix Do Xingu,BR,2021-07-22 04:52:47,-6.6447,-51.995,295.52,49,33,0.87
473,Ponta Delgada,PT,2021-07-22 04:52:48,37.7333,-25.6667,292.55,77,20,3.6
474,Bhag,PK,2021-07-22 04:52:48,29.0415,67.8239,310.55,28,1,2.88
475,Carballo,ES,2021-07-22 04:52:48,43.213,-8.691,290.53,94,96,0.98
476,Kerouane,GN,2021-07-22 04:52:49,9.2667,-9.0167,292.99,98,37,1.77
477,Malazgirt,TR,2021-07-22 04:52:49,39.1427,42.5401,298.55,29,0,1.17
478,Feicheng,CN,2021-07-22 04:52:49,35.2606,117.9675,304.5,55,100,4.85
479,Emba,KZ,2021-07-22 04:52:50,48.8264,58.1442,306.88,22,39,6.23
480,Trelew,AR,2021-07-22 04:49:43,-43.249,-65.3051,284.2,53,100,4.24
481,Hope,US,2021-07-22 04:52:50,33.6671,-93.5916,298.79,95,3,1.89
482,Bagenalstown,IE,2021-07-22 04:52:51,52.7003,-6.9618,291.0,77,100,1.02
483,Conceicao Do Araguaia,BR,2021-07-22 04:52:10,-8.2578,-49.2647,297.22,64,0,1.03
484,Isfana,KG,2021-07-22 04:52:51,39.8386,69.5306,297.46,31,3,3.03
485,Verkhoyansk,RU,2021-07-22 04:52:51,67.5447,133.385,295.61,35,0,3.23
486,Knysna,ZA,2021-07-22 04:52:52,-34.0363,23.0471,279.36,79,100,8.22
487,Hambantota,LK,2021-07-22 04:52:52,6.1241,81.1185,303.34,74,20,6.69
488,Sur,OM,2021-07-22 04:52:53,22.5667,59.5289,309.78,45,67,2.29
489,Khandagayty,RU,2021-07-22 04:52:54,50.7333,92.05,299.54,31,95,2.6
490,Celestun,MX,2021-07-22 04:52:55,20.8667,-90.4,301.16,71,1,4.81
491,Honiara,SB,2021-07-22 04:52:55,-9.4333,159.95,301.5,81,69,3.55
492,Boke,GN,2021-07-22 04:52:56,10.9409,-14.2967,296.54,97,99,1.4
493,Blagoyevo,RU,2021-07-22 04:52:56,63.3667,47.9167,286.88,43,87,2.77
494,Synya,RU,2021-07-22 04:52:57,65.3718,58.0387,283.65,60,89,1.11
495,Russkoye,UA,2021-07-22 04:52:57,45.0167,34.8,294.68,67,9,6.19
496,Uarini,BR,2021-07-22 04:52:58,-2.99,-65.1083,298.42,72,100,0.33
497,Yulara,AU,2021-07-22 04:52:58,-25.2406,130.9889,297.06,29,0,10.8
498,Ivanovka,KG,2021-07-22 04:52:59,42.8878,75.085,302.39,20,20,1.81
499,Hargeysa,SO,2021-07-22 04:52:59,9.56,44.065,294.75,56,71,14.8
500,Escarcega,MX,2021-07-22 04:53:00,18.6089,-90.7454,298.99,74,25,3.18
501,Kosikha,RU,2021-07-22 04:53:00,53.3617,84.5822,298.58,43,0,3.9
502,Estacion Coahuila,MX,2021-07-22 04:53:01,32.1939,-115.0017,311.76,48,82,8.14
503,Rodrigues Alves,BR,2021-07-22 04:53:01,-7.738,-72.6509,292.13,73,0,0.62
504,Broome,US,2021-07-22 04:53:02,42.2506,-75.833,288.36,85,0,1.07
505,Labuhan,ID,2021-07-22 04:53:02,-6.8844,112.2051,303.77,60,84,2.44
506,Brandfort,ZA,2021-07-22 04:53:02,-28.7001,26.4597,272.82,86,16,2.14
507,Tayga,RU,2021-07-22 04:53:03,56.06,85.6197,297.74,39,10,2.58
508,Devils Lake,US,2021-07-22 04:53:03,48.1128,-98.8651,297.14,73,40,4.12
509,Kyren,RU,2021-07-22 04:53:04,51.6828,102.1408,301.05,43,4,1.08
510,Zhigansk,RU,2021-07-22 04:52:42,66.7697,123.3711,293.99,42,97,0.56
511,Aradas,PT,2021-07-22 04:53:04,40.6208,-8.642,289.58,50,92,1.34
512,Sakaraha,MG,2021-07-22 04:53:04,-22.9,44.5333,293.68,55,89,1.68
513,Quballat,TN,2021-07-22 04:53:05,36.5418,9.6633,292.27,59,0,0.6
514,Zaoyang,CN,2021-07-22 04:53:05,32.1272,112.7542,304.56,65,97,1.43
515,Campbell River,CA,2021-07-22 04:53:06,50.0163,-125.2446,290.89,78,40,2.06
516,Perth,AU,2021-07-22 04:49:00,-31.9333,115.8333,290.93,62,40,0.0
517,Westport,US,2021-07-22 04:53:06,41.1415,-73.3579,295.29,83,0,1.34
518,Sayyan,YE,2021-07-22 04:53:06,15.1718,44.3244,289.04,80,73,3.5
519,Pitimbu,BR,2021-07-22 04:53:07,-7.4706,-34.8086,295.48,83,22,5.97
520,Gambela,ET,2021-07-22 04:53:07,8.25,34.5833,295.1,87,99,0.87
521,Whyalla,AU,2021-07-22 04:53:08,-33.0333,137.5833,283.09,76,40,9.77
522,Ushtobe,KZ,2021-07-22 04:53:08,45.2514,77.9838,305.69,25,85,4.54
523,Liwale,TZ,2021-07-22 04:53:08,-9.7667,37.9333,293.43,87,52,1.12
524,Komsomolskiy,UZ,2021-07-22 04:53:09,40.4272,71.7189,302.55,39,2,3.09
525,Sechura,PE,2021-07-22 04:53:09,-5.5569,-80.8222,291.84,81,2,4.52
526,Rumoi,JP,2021-07-22 04:53:09,43.9344,141.6428,299.14,68,61,2.15
527,Port Shepstone,ZA,2021-07-22 04:53:10,-30.7414,30.455,285.06,34,5,5.66
528,Tateyama,JP,2021-07-22 04:53:10,34.9833,139.8667,306.16,55,40,2.57
529,Fort Nelson,CA,2021-07-22 04:53:10,58.8053,-122.7002,287.92,88,75,0.0
530,Bay Roberts,CA,2021-07-22 04:53:11,47.5999,-53.2648,283.89,98,100,3.58
531,Carrefour,HT,2021-07-22 04:53:11,18.5411,-72.3992,302.25,70,35,5.14
532,Camabatela,AO,2021-07-22 04:53:11,-8.1881,15.375,288.54,35,0,2.55
533,Bilibino,RU,2021-07-22 04:53:12,68.0546,166.4372,293.33,24,1,1.68
534,Bull Savanna,JM,2021-07-22 04:53:12,17.8868,-77.5902,297.39,75,88,3.32
535,Etchoropo,MX,2021-07-22 04:53:12,26.7667,-109.6667,305.6,63,48,2.94
536,Maringa,BR,2021-07-22 04:53:13,-23.4253,-51.9386,284.18,39,2,1.49
537,Hasaki,JP,2021-07-22 04:53:13,35.7333,140.8333,308.31,70,8,4.43
538,Olinda,BR,2021-07-22 04:53:14,-8.0089,-34.8553,297.0,73,75,5.14
539,Itoman,JP,2021-07-22 04:53:14,26.1247,127.6694,300.58,96,75,10.8
540,Monterrey,MX,2021-07-22 04:49:31,25.6667,-100.3167,298.01,87,61,1.49
541,Takehara,JP,2021-07-22 04:53:14,34.3383,132.9167,305.17,58,75,3.09
